captcha_20241122133140.png,PJJ6N
captcha_20241122133225.png,Lr6Qb
captcha_20241122133334.png,nnNVM
captcha_20241122133427.png,VFga4
captcha_20241122133939.png,KfUr
captcha_20241122134016.png,=YVU
captcha_20241122134518.png,NG73fW
captcha_20241122134639.png,VmEY
captcha_20241122134713.png,MWtLm6
captcha_20241122134733.png,mPn7Yn
captcha_20241122134737.png,ubyX
captcha_20241122135331.png,TD@=
captcha_20241122135406.png,PNQG
captcha_20241122135504.png,ZJJGdD
captcha_20241122135525.png,fJN@
captcha_20241122135555.png,RKLY
captcha_20241122135736.png,tRnaF
captcha_20241122135810.png,nhfN6q
captcha_20241122135822.png,fLnkRZ
captcha_20241122135825.png,Rq4kh
captcha_20241122135829.png,Tme=uh
captcha_20241122135832.png,tqVNUZ
captcha_20241122135851.png,MQRWH3
captcha_20241122140426.png,rKFH
captcha_20241122140501.png,HeNmQu
captcha_20241122140606.png,g7ee
captcha_20241122140608.png,hr@j6
captcha_20241122140721.png,TMr7Q@
captcha_20241122140749.png,MrF3
captcha_20241122140859.png,kXLXU
captcha_20241122140901.png,4dEmx
captcha_20241122141048.png,Xq4hE
captcha_20241122141259.png,GeUr
captcha_20241122141532.png,DP9d
captcha_20241122141827.png,VQHVn
captcha_20241122141850.png,qK47
captcha_20241122141927.png,7J7P
captcha_20241122141944.png,Uu3udE
captcha_20241122142009.png,E@96T
captcha_20241122142408.png,LDEk4
captcha_20241122142706.png,@KPTQu
captcha_20241122143517.png,PNVPq
captcha_20241122143614.png,kFufn
captcha_20241122144221.png,Garb
captcha_20241122145003.png,QRLk
captcha_20241122150708.png,VKQLH
captcha_20241122150718.png,hatr7
captcha_20241122150736.png,RaLWkG
captcha_20241122150823.png,FJ4EJb
captcha_20241122151651.png,4bPa=
captcha_20241122153307.png,q6gq
captcha_20241122153320.png,KVenDm
captcha_20241122153344.png,QXfWq
captcha_20241122153403.png,GTGq69
captcha_20241122153421.png,9DQD
captcha_20241122153525.png,be4FQ
captcha_20241122153640.png,nq4a@
captcha_20241122153737.png,utKa
captcha_20241122154437.png,M@kUG
captcha_20241122154525.png,ZV47
captcha_20241122154712.png,bfhm
captcha_20241122154918.png,nKna
captcha_20241122154929.png,YGYPE
captcha_20241122154940.png,UQRRg
captcha_20241122154954.png,=LPFaT
captcha_20241122155009.png,=ngabg
captcha_20241122155123.png,tQd9n
captcha_20241122155148.png,buVm
captcha_20241122155225.png,tnPMZ
captcha_20241122155253.png,K6TPF
captcha_20241122155351.png,QTRu
captcha_20241122155425.png,F6LgGb
captcha_20241122161531.png,rM@Und
captcha_20241122161546.png,DYThk
captcha_20241122161602.png,NGQP
captcha_20241122161618.png,=TL7=d
captcha_20241122161636.png,@6ZRL
captcha_20241122161702.png,tH3GH
captcha_20241122161750.png,4RLt
captcha_20241122161847.png,r6eaRg
captcha_20241122161918.png,mh9m
captcha_20241122162037.png,MREr4M
captcha_20241122162223.png,DuaYum
captcha_20241122162418.png,GUV9R
captcha_20241122162503.png,HtDH
captcha_20241122163108.png,Vh4u
captcha_20241122163202.png,tQH@F=
captcha_20241122165043.png,KJaTbd
captcha_20241122165240.png,3ZV73@
captcha_20241122170539.png,M9nqP
captcha_20241122170743.png,U=Me
captcha_20241122171119.png,VZr4
captcha_20241122174649.png,P33F
captcha_20241122174835.png,4aam
captcha_20241122174910.png,qFue
captcha_20241122175112.png,XEtT
captcha_20241122175127.png,94=qQU
captcha_20241122175140.png,=qQ@F
captcha_20241122175154.png,PtVt7
captcha_20241122175231.png,9LmD
captcha_20241122175306.png,TXFNd
captcha_20241122175333.png,gQqQE
captcha_20241122175425.png,NmVQ
captcha_20241122180113.png,n79Kr9
captcha_20241122180147.png,PEUr3f
